{
  "Notes.py": 1759201361.3876393,
  "frontend/tailwind.config.js": 1755533029.5334854,
  "frontend/vite.config.js": 1755297958.1217833,
  "frontend/eslint.config.js": 1755297958.1204634,
  "frontend/postcss.config.js": 1755533007.7577932,
  "frontend/src/main.jsx": 1755477703.3849912,
  "frontend/src/App.jsx": 1756787826.5273926,
  "frontend/src/context/AuthContext.jsx": 1756788198.056222,
  "frontend/src/components/auth/Signup.jsx": 1756419517.8394437,
  "frontend/src/components/auth/AuthWrapper.jsx": 1755529143.7008178,
  "frontend/src/components/auth/Login.jsx": 1756419497.1970947,
  "frontend/src/components/layout/Layout.jsx": 1756787980.8541656,
  "frontend/src/pages/MyBookings.jsx": 1756856626.2149873,
  "frontend/src/pages/Booking.jsx": 1757123534.0798757,
  "frontend/src/pages/Movies.jsx": 1756787898.8187795,
  "frontend/src/services/api.js": 1756856570.612674,
  "backend/main.py": 1758231835.182491,
  "backend/agents/testagent.py": 1759204439.9582798,
  "backend/agents/simple_test.py": 1759205058.8700936,
  "backend/agents/debug_test.py": 1759345844.990145,
  "backend/agents/working_auth_system.py": 1759205181.0337856,
  "backend/agents/multi_agent_system.py": 1759347521.5046043,
  "backend/models/user.py": 1756390359.8910532,
  "backend/models/booking.py": 1756856490.49793,
  "backend/models/__init__.py": 1756390168.0537686,
  "backend/models/movie.py": 1756787554.08054,
  "backend/voice/__init__.py": 1757102355.6119468,
  "backend/virtual/bin/Activate.ps1": 1756411426.879807,
  "backend/routes/auth.py": 1757632625.6626034,
  "backend/routes/bookings.py": 1756856531.2546897,
  "backend/routes/__init__.py": 1756390187.6189485,
  "backend/routes/movies.py": 1756787576.2570002,
  "backend/services/auth_service.py": 1757632633.7498817,
  "backend/services/movie_service.py": 1756787564.471879,
  "backend/services/__init__.py": 1756390178.759306,
  "backend/services/booking_service.py": 1756856509.0513003,
  "README.md": 1756856998.7606587,
  "VOICE_SETUP.md": 1757105637.7184787,
  "frontend/README.md": 1755297958.1202147,
  "backend/requirements.txt": 1756390576.305578,
  "backend/notes.md": 1759205733.553558,
  "backend/CLAUDE.md": 1756419182.2874253,
  "frontend/public/vite.svg": 1755297958.1208644,
  "frontend/src/assets/react.svg": 1755297958.1214817
}